frame,id,nose_x,nose_y
1,1,1098,296
1,2,3174,282
1,3,3827,404
2,1,1101,296
2,2,3175,282
2,3,3815,371
3,1,1105,298
3,2,3176,284
3,3,3814,377
4,1,1108,298
4,2,3176,285
4,3,3817,350
5,1,1109,300
5,2,3176,285
5,3,3802,368
6,1,1110,301
6,2,3177,287
6,3,3798,366
6,5,3822,353
7,1,1111,303
7,2,3181,287
7,3,3795,365
7,5,3817,347
8,1,1112,303
8,2,3180,289
8,3,3799,362
9,1,1115,303
9,2,3177,288
9,3,3810,361
10,1,1118,303
10,2,3175,289
10,3,3814,360
11,1,1118,303
11,2,3174,290
11,3,3810,357
12,1,1120,303
12,2,3174,288
12,3,3774,338
13,1,1122,303
13,2,3172,287
13,3,3767,331
14,1,1124,302
14,2,3172,288
14,3,3767,335
15,1,1125,302
15,2,3171,288
15,3,3762,339
16,1,1126,302
16,2,3170,288
16,3,3757,333
17,1,1128,303
17,2,3170,286
17,3,3760,332
18,1,1129,303
18,2,3171,283
18,3,3759,331
19,1,1132,303
19,2,3165,280
19,3,3760,338
20,1,1135,302
20,2,3162,278
20,3,3809,350
21,1,1137,303
21,2,3160,276
21,3,3765,336
22,1,1139,304
22,2,3165,274
22,3,3748,337
23,1,1142,303
23,2,3163,269
23,3,3781,346
24,1,1145,303
24,2,3164,269
24,3,3740,331
25,1,1147,303
25,2,3167,268
25,3,3707,329
26,1,1149,303
26,2,3169,269
26,3,3710,326
27,1,1151,305
27,2,3167,269
27,3,3708,322
28,1,1152,305
28,2,3169,270
28,3,3737,322
29,1,1154,303
29,2,3164,269
29,3,3722,321
30,1,1156,303
30,2,3164,268
30,3,3660,317
31,1,1156,303
31,2,3161,266
31,3,3650,320
32,1,1154,301
32,2,3160,263
32,3,3657,328
33,1,1154,301
33,2,3155,256
33,3,3659,322
34,1,1158,300
34,2,3156,254
34,3,3727,312
35,1,1160,301
35,2,3155,254
35,3,3741,320
36,1,1159,299
36,2,3151,253
36,3,3698,318
37,1,1160,299
37,2,3149,254
37,3,3616,312
38,1,1162,298
38,2,3144,255
38,3,3605,312
39,1,1163,298
39,2,3148,254
39,3,3601,308
40,1,1167,295
40,2,3144,253
40,3,3591,304
41,1,1171,296
41,2,3141,251
41,3,3591,308
42,1,1171,293
42,2,3137,251
42,3,3578,308
43,1,1174,296
43,2,3134,252
43,3,3567,303
44,1,1174,292
44,2,3127,252
44,3,3563,307
45,1,1178,295
45,2,3127,251
45,3,3565,311
46,1,1180,292
46,2,3125,248
46,3,3569,310
47,1,1180,292
47,2,3125,246
47,3,3572,306
48,1,1184,292
48,2,3128,242
48,3,3564,305
49,1,1185,292
49,2,3124,242
49,3,3547,306
50,1,1186,292
50,2,3123,242
50,3,3531,306
51,1,1187,291
51,2,3125,240
51,3,3523,304
52,1,1189,289
52,2,3127,242
52,3,3515,303
53,1,1191,290
53,2,3126,239
53,3,3508,306
54,1,1192,290
54,2,3124,241
54,3,3504,304
55,1,1193,290
55,2,3120,241
55,3,3494,301
56,1,1192,289
56,2,3122,239
56,3,3488,302
57,1,1193,288
57,2,3123,240
57,3,3535,304
58,1,1190,287
58,2,3120,242
58,3,3502,310
59,1,1188,287
59,2,3121,241
59,3,3469,311
60,1,1186,285
60,2,3122,243
60,3,3519,304
61,1,1186,285
61,2,3117,246
61,3,3443,304
62,1,1186,285
62,2,3111,245
62,3,3436,305
63,1,1185,286
63,2,3107,243
63,3,3426,306
64,1,1186,287
64,2,3104,243
64,3,3419,305
65,1,1186,288
65,2,3105,243
65,3,3411,303
66,1,1185,288
66,2,3099,243
66,3,3402,304
67,1,1186,289
67,2,3102,246
67,3,3398,299
68,1,1187,291
68,2,3094,250
68,3,3387,296
69,1,1189,294
69,2,3089,253
69,3,3371,296
70,1,1192,297
70,2,3088,254
70,3,3366,307
71,1,1192,299
71,2,3090,258
71,3,3359,312
72,1,1194,307
72,2,3097,265
72,3,3351,310
73,1,1196,310
73,2,3102,271
73,3,3344,313
74,1,1197,310
74,2,3099,264
74,3,3355,313
75,1,1199,312
75,2,3100,267
75,3,3382,316
76,1,1201,312
76,2,3095,269
76,3,3359,322
77,1,1203,313
77,2,3097,271
77,3,3323,319
78,1,1206,312
78,2,3096,273
78,3,3346,320
79,1,1206,312
79,2,3093,280
79,3,3315,330
80,1,1208,312
80,2,3089,275
80,3,3302,322
81,1,1209,312
81,2,3087,277
81,3,3294,322
82,1,1210,312
82,2,3086,279
82,3,3285,330
83,1,1210,312
83,2,3081,283
83,3,3276,331
84,1,1210,311
84,2,3080,285
84,3,3261,335
85,1,1209,311
85,2,3075,288
85,3,3251,331
86,1,1209,309
86,2,3071,288
86,3,3243,338
87,1,1209,310
87,2,3072,289
87,3,3236,342
88,1,1209,310
88,2,3074,291
88,3,3236,340
89,1,1209,310
89,2,3073,292
89,3,3229,344
90,1,1212,306
90,2,3071,295
90,3,3225,345
91,1,1216,305
91,2,3070,295
91,3,3221,337
92,1,1217,304
92,2,3065,295
92,3,3213,339
93,1,1218,303
93,2,3065,292
93,3,3210,337
94,1,1217,303
94,2,3062,292
94,3,3200,331
95,1,1217,305
95,2,3059,291
95,3,3181,333
96,1,1216,304
96,2,3059,289
96,3,3171,337
97,1,1212,302
97,2,3055,289
97,3,3165,338
98,1,1212,300
98,2,3055,291
98,3,3154,335
99,1,1213,299
99,2,3047,286
99,3,3150,342
100,1,1212,298
100,2,3043,287
100,3,3141,347
101,1,1213,299
101,2,3041,291
101,3,3122,355
102,1,1213,299
102,2,3040,293
102,3,3121,351
103,1,1212,299
103,2,3033,295
103,3,3111,346
104,1,1213,298
104,2,3033,298
104,3,3106,335
105,1,1213,299
105,2,3026,301
105,3,3106,339
106,1,1214,299
106,2,3016,301
106,3,3107,348
107,1,1214,299
107,2,3003,300
107,3,3114,355
108,1,1215,297
108,2,3008,299
108,3,3088,357
109,1,1208,300
109,2,2987,295
109,3,3074,351
110,1,1207,299
110,2,2996,296
110,3,3067,354
111,1,1206,299
111,2,2964,288
111,3,3063,359
112,1,1207,299
112,2,2944,285
112,3,3050,360
113,1,1208,298
113,2,2944,284
113,3,3039,359
114,1,1207,299
114,2,2946,283
114,3,3026,350
115,1,1205,300
115,2,2962,290
115,3,3019,356
116,1,1206,302
116,3,3002,357
117,1,1205,305
117,3,2987,353
118,1,1204,305
118,3,2973,365
119,1,1204,305
119,3,2965,370
120,1,1204,306
120,3,2960,373
121,1,1204,307
121,3,2945,373
122,1,1206,309
122,3,2937,368
123,1,1204,309
123,3,2927,371
124,1,1204,310
124,3,2915,368
125,1,1204,310
125,3,2909,366
126,1,1203,310
126,3,2897,362
127,1,1204,310
127,3,2876,379
128,1,1202,311
128,3,2868,380
129,1,1201,311
129,3,2868,365
130,1,1200,311
130,3,2858,365
131,1,1200,313
131,3,2848,364
132,1,1201,314
132,3,2841,367
133,1,1200,314
133,3,2831,364
134,1,1200,317
134,3,2821,364
135,1,1200,316
135,3,2814,373
136,1,1198,318
136,3,2801,373
137,1,1198,317
137,3,2780,394
138,1,1198,317
138,3,2765,385
139,1,1199,318
139,3,2751,385
140,1,1198,318
140,3,2746,379
141,1,1197,318
141,3,2742,374
142,1,1196,317
142,3,2731,377
143,1,1194,316
143,3,2719,372
144,1,1195,315
144,3,2707,377
145,1,1195,314
145,3,2701,369
146,1,1194,313
146,3,2688,363
147,1,1194,314
147,3,2669,359
148,1,1194,313
148,3,2661,355
149,1,1194,312
149,3,2650,358
150,1,1196,312
150,3,2650,353
151,1,1195,314
151,3,2639,356
152,1,1197,313
152,3,2627,354
153,1,1197,312
153,3,2620,352
154,1,1195,312
154,3,2615,350
155,1,1194,311
155,3,2606,357
156,1,1193,311
156,3,2590,357
157,1,1192,310
157,3,2574,351
158,1,1193,308
158,3,2566,353
159,1,1191,306
159,3,2562,353
159,7,2858,260
160,1,1191,305
160,3,2558,364
160,7,2857,260
161,1,1194,305
161,3,2547,356
161,7,2854,261
162,1,1196,305
162,3,2541,339
162,7,2854,248
163,1,1194,304
163,3,2537,340
163,7,2847,247
164,1,1194,304
164,3,2528,349
164,7,2834,246
164,8,3826,393
165,1,1190,303
165,3,2510,347
165,7,2821,245
165,8,3822,382
166,1,1190,303
166,3,2501,349
166,7,2813,244
166,8,3807,326
167,1,1187,302
167,3,2485,346
167,7,2815,242
167,8,3812,331
168,1,1189,302
168,3,2484,345
168,7,2812,242
168,8,3814,324
169,1,1184,303
169,3,2482,342
169,7,2808,242
169,8,3807,310
170,1,1185,302
170,3,2464,337
170,7,2797,244
170,8,3790,298
171,1,1185,303
171,3,2462,343
171,7,2797,244
171,8,3783,297
172,1,1186,300
172,3,2472,342
172,7,2808,244
172,8,3782,307
173,1,1186,298
173,3,2456,336
173,7,2805,245
173,8,3783,318
174,1,1190,298
174,3,2441,336
174,7,2802,248
174,8,3767,326
175,1,1191,297
175,3,2434,333
175,7,2801,249
175,8,3779,315
176,1,1190,295
176,3,2419,332
176,7,2804,248
176,8,3793,299
177,1,1191,295
177,3,2422,339
177,7,2802,248
177,8,3782,302
178,1,1192,293
178,3,2414,339
178,7,2804,247
178,8,3769,286
179,1,1191,290
179,3,2394,334
179,7,2798,247
179,8,3769,273
180,1,1192,292
180,3,2394,335
180,7,2789,247
180,8,3762,279
181,1,1191,287
181,3,2380,332
181,7,2786,246
181,8,3709,277
182,1,1187,288
182,3,2370,332
182,7,2776,245
182,8,3723,288
183,1,1186,287
183,3,2403,327
183,7,2776,247
183,8,3712,290
184,1,1181,286
184,3,2362,324
184,7,2767,247
184,8,3663,288
185,1,1178,284
185,3,2347,324
185,7,2745,256
185,8,3659,296
186,1,1180,280
186,3,2345,327
186,7,2747,257
186,8,3648,295
187,1,1176,278
187,3,2318,328
187,7,2750,260
187,8,3636,298
188,1,1176,277
188,3,2313,330
188,7,2751,261
188,8,3626,290
189,1,1176,278
189,3,2301,333
189,7,2746,260
189,8,3613,298
190,1,1171,278
190,3,2293,333
190,7,2737,260
190,8,3596,295
191,1,1168,278
191,3,2294,327
191,7,2733,260
191,8,3612,287
192,1,1166,279
192,3,2287,332
192,7,2716,264
192,8,3621,283
193,1,1163,278
193,3,2308,329
193,7,2726,262
193,8,3601,288
194,1,1161,278
194,3,2290,331
194,7,2719,261
194,8,3561,287
195,1,1161,277
195,3,2267,337
195,7,2717,261
195,8,3562,286
196,1,1161,278
196,3,2263,346
196,7,2697,262
196,8,3576,285
197,1,1161,277
197,3,2249,343
197,7,2690,265
197,8,3575,280
198,1,1158,280
198,3,2231,351
198,7,2688,265
198,8,3541,284
199,1,1159,278
199,3,2224,356
199,7,2683,267
199,8,3533,289
200,1,1158,277
200,3,2221,349
200,7,2692,269
200,8,3524,288
201,1,1158,277
201,3,2208,345
201,7,2688,271
201,8,3498,286
202,1,1155,279
202,3,2192,348
202,7,2675,271
202,8,3487,295
203,1,1157,278
203,3,2192,348
203,7,2667,272
203,8,3477,302
204,1,1156,280
204,3,2191,355
204,7,2663,277
204,8,3482,295
205,1,1153,283
205,3,2172,355
205,7,2661,282
205,8,3474,279
206,1,1152,285
206,3,2161,352
206,8,3475,288
207,1,1150,284
207,3,2155,353
207,8,3467,287
208,1,1149,284
208,3,2142,360
208,8,3456,300
209,1,1148,284
209,3,2134,360
209,8,3438,307
210,1,1146,284
210,3,2120,359
210,8,3430,290
211,1,1147,284
211,3,2103,360
211,8,3426,301
212,1,1146,284
212,3,2099,356
212,8,3417,298
213,1,1145,284
213,3,2107,357
213,8,3409,296
214,1,1145,285
214,3,2111,354
214,8,3411,303
215,1,1145,284
215,3,2104,363
215,8,3392,295
216,1,1144,283
216,3,2089,369
216,8,3386,292
217,1,1141,285
217,3,2081,376
217,8,3381,302
218,1,1140,285
218,3,2080,371
218,8,3371,301
219,1,1140,286
219,3,2071,373
219,8,3355,300
220,1,1141,287
220,3,2064,375
220,8,3338,308
221,1,1141,288
221,3,2055,375
221,8,3332,310
222,1,1141,290
222,3,2046,377
222,8,3320,312
223,1,1138,291
223,3,2022,379
223,8,3306,307
224,1,1138,293
224,3,2017,379
224,8,3305,310
225,1,1135,293
225,3,2013,384
225,8,3293,299
226,1,1134,295
226,3,2000,391
226,8,3291,302
227,1,1131,297
227,3,1988,392
227,8,3276,308
227,12,3464,257
228,1,1131,298
228,3,1983,396
228,8,3264,306
229,1,1131,301
229,3,1971,393
229,8,3251,308
230,1,1129,303
230,3,1976,399
230,8,3242,305
231,1,1129,305
231,3,1971,401
231,8,3234,302
231,12,3443,241
232,1,1129,307
232,3,1965,406
232,8,3226,305
232,12,3445,260
233,1,1128,308
233,3,1940,406
233,8,3219,307
233,12,3436,261
234,1,1128,310
234,3,1921,406
234,8,3214,312
234,12,3431,270
235,1,1127,311
235,3,1916,408
235,8,3207,315
235,12,3433,297
236,1,1126,313
236,3,1906,407
236,8,3204,313
236,12,3416,271
237,1,1125,316
237,3,1901,407
237,8,3195,315
238,1,1125,317
238,3,1896,410
238,8,3183,317
239,1,1125,318
239,3,1913,409
239,8,3173,314
240,1,1125,320
240,3,1922,405
240,8,3162,324
241,1,1124,322
241,3,1898,405
241,8,3140,324
242,1,1124,324
242,3,1878,408
242,8,3139,320
242,12,3357,248
243,1,1132,324
243,3,1888,407
243,8,3131,322
243,12,3350,257
244,1,1134,328
244,3,1881,409
244,8,3122,314
244,12,3333,260
245,1,1135,330
245,3,1840,414
245,8,3119,311
245,12,3339,273
246,1,1136,329
246,3,1831,414
246,8,3112,313
246,12,3314,272
247,1,1137,335
247,3,1836,411
247,8,3105,313
247,12,3304,264
248,1,1136,334
248,3,1815,410
248,8,3094,307
249,1,1128,336
249,3,1808,409
249,8,3093,310
249,12,3278,266
250,1,1127,335
250,3,1805,408
250,8,3086,307
250,12,3266,267
251,1,1127,336
251,3,1820,412
251,8,3081,314
251,12,3257,269
252,1,1127,336
252,3,1857,406
252,8,3064,317
252,12,3260,261
253,1,1127,336
253,3,1813,406
253,8,3053,313
254,1,1126,335
254,3,1796,403
254,8,3048,321
255,1,1125,335
255,3,1790,404
255,8,3047,322
255,12,3247,252
256,1,1126,333
256,3,1788,396
256,8,3040,322
257,1,1127,333
257,3,1791,391
257,8,3050,326
258,1,1128,332
258,3,1774,395
258,8,3033,311
259,1,1128,331
259,3,1736,396
259,8,3014,301
260,1,1127,330
260,3,1725,397
260,8,3013,306
261,1,1127,329
261,3,1719,399
261,8,3000,302
262,1,1128,326
262,3,1713,396
262,8,2983,301
263,1,1126,324
263,3,1701,398
263,8,2973,301
264,1,1126,324
264,3,1693,400
264,8,2956,301
265,1,1125,326
265,3,1696,398
265,8,2949,300
266,1,1125,324
266,3,1686,393
266,8,2951,318
267,1,1125,324
267,3,1676,399
267,8,2944,314
268,1,1125,324
268,3,1661,398
268,8,2934,317
269,1,1125,326
269,3,1653,396
269,8,2925,314
270,1,1128,328
270,3,1649,400
270,8,2915,308
271,1,1128,328
271,3,1632,397
271,8,2902,310
272,1,1129,329
272,3,1624,396
272,8,2891,312
273,1,1128,333
273,3,1624,398
273,8,2883,311
274,1,1125,333
274,3,1608,396
274,8,2875,321
275,1,1124,332
275,3,1596,400
275,8,2857,316
275,31,3045,283
276,1,1123,331
276,3,1589,399
276,8,2845,318
276,31,3001,284
277,1,1121,331
277,3,1578,395
277,8,2841,325
277,31,3005,280
278,1,1120,330
278,3,1580,400
278,8,2838,326
278,31,3031,288
279,1,1119,332
279,3,1579,399
279,8,2832,324
279,31,3029,293
280,1,1119,330
280,3,1577,395
280,8,2826,326
280,31,3015,296
281,1,1117,332
281,3,1615,389
281,8,2822,326
282,1,1118,332
282,3,1547,404
282,8,2813,333
283,1,1119,332
283,3,1525,407
283,8,2798,330
284,1,1118,334
284,3,1522,409
284,8,2788,324
285,1,1117,334
285,3,1516,411
285,8,2773,327
286,1,1117,335
286,3,1507,411
286,8,2758,330
287,1,1116,336
287,3,1505,413
287,8,2756,333
288,1,1114,335
288,3,1497,412
288,8,2740,331
289,1,1113,337
289,3,1482,414
289,8,2729,324
290,1,1111,339
290,3,1509,416
290,8,2717,325
291,1,1109,339
291,3,1480,421
291,8,2710,331
291,41,2894,345
292,1,1108,340
292,3,1457,428
292,8,2699,341
292,41,2882,347
293,1,1108,340
293,3,1445,432
293,8,2689,343
293,41,2881,385
294,1,1108,342
294,3,1428,427
294,8,2670,341
294,41,2902,415
295,1,1108,343
295,3,1426,435
295,8,2662,350
295,41,3023,530
296,1,1108,344
296,3,1420,434
296,8,2654,355
297,1,1107,348
297,3,1409,428
297,8,2639,351
298,1,1107,350
298,3,1409,437
298,8,2633,359
299,1,1107,351
299,3,1409,439
299,8,2627,368
299,41,2810,345
300,1,1106,350
300,3,1393,438
300,8,2621,373
300,41,2930,516
301,1,1106,350
301,3,1387,445
301,8,2615,373
301,41,2843,469
302,1,1105,350
302,3,1376,445
302,8,2607,372
303,1,1105,350
303,3,1364,450
303,8,2589,376
304,1,1107,351
304,3,1360,453
304,8,2584,378
305,1,1107,351
305,3,1342,450
305,8,2584,369
306,1,1108,349
306,3,1334,445
306,8,2565,376
307,1,1106,347
307,3,1330,453
307,8,2554,388
308,1,1103,345
308,3,1317,447
308,8,2546,390
309,1,1103,344
309,3,1314,451
309,8,2549,399
310,1,1111,346
310,3,1311,454
310,8,2530,396
311,1,1112,346
311,3,1303,449
311,8,2526,392
312,1,1113,343
312,3,1281,456
312,8,2521,376
312,52,2351,364
312,41,2734,458
313,1,1115,343
313,3,1295,455
313,8,2516,385
313,52,2347,365
313,41,2714,450
314,1,1113,342
314,3,1282,460
314,8,2495,382
314,52,2340,365
314,41,2701,460
315,1,1112,341
315,3,1276,466
315,8,2488,385
315,52,2336,365
316,1,1110,341
316,3,1265,464
316,8,2474,385
317,1,1109,339
317,3,1265,453
317,8,2459,375
317,41,2723,469
318,1,1109,339
318,3,1234,456
318,8,2455,373
318,41,2723,461
318,52,2329,362
319,1,1109,339
319,3,1228,457
319,8,2445,382
319,41,2712,455
319,52,2328,362
320,1,1095,337
320,3,1223,455
320,8,2435,382
320,41,2686,456
320,52,2321,362
321,1,1096,338
321,3,1240,450
321,8,2430,379
321,41,2689,472
321,52,2322,363
322,1,1094,340
322,3,1232,451
322,8,2444,373
322,41,2669,475
322,52,2318,361
323,1,1094,340
323,3,1210,446
323,8,2430,379
323,41,2635,467
323,52,2319,360
324,1,1096,340
324,3,1216,445
324,8,2431,378
324,41,2618,472
324,52,2318,361
325,1,1098,342
325,3,1219,446
325,8,2416,377
325,52,2315,361
326,1,1098,342
326,3,1206,449
326,8,2388,395
326,52,2310,361
326,41,2609,456
327,1,1094,344
327,3,1190,452
327,8,2382,388
327,52,2289,359
328,1,1094,340
328,3,1165,448
328,8,2376,393
328,52,2293,362
328,41,2604,463
329,1,1093,339
329,3,1148,453
329,8,2371,397
329,52,2295,361
329,41,2584,468
330,1,1095,339
330,3,1178,446
330,8,2381,384
330,52,2297,359
330,41,2580,463
331,1,1100,338
331,3,1206,444
331,8,2361,394
331,52,2296,355
331,41,2555,469
332,1,1098,339
332,3,1204,440
332,8,2340,388
332,52,2296,355
332,41,2564,460
333,1,1094,340
333,3,1197,437
333,8,2344,384
333,41,2560,466
334,1,1091,338
334,3,1195,441
334,8,2332,377
334,41,2521,461
335,1,1089,335
335,3,1177,442
335,8,2319,378
336,1,1088,337
336,3,1163,440
336,8,2309,380
336,41,2501,455
337,1,1090,338
337,3,1153,430
337,8,2293,385
337,41,2497,450
338,1,1091,339
338,3,1155,427
338,8,2283,393
339,1,1096,341
339,3,1158,429
339,8,2280,383
339,41,2491,444
340,1,1098,342
340,3,1161,431
340,8,2266,399
340,41,2474,441
341,1,1098,342
341,3,1175,432
341,8,2258,398
341,41,2459,407
341,55,1151,429
342,1,1107,342
342,3,1154,421
342,8,2252,392
342,41,2446,435
342,55,1154,431
343,1,1113,345
343,3,1154,415
343,8,2243,395
343,41,2455,455
344,1,1119,347
344,8,2234,398
345,1,1122,349
345,8,2225,396
346,1,1122,351
346,8,2216,397
347,1,1125,353
347,8,2206,397
348,1,1126,353
348,8,2192,398
349,1,1127,352
349,8,2181,406
350,1,1127,353
350,8,2174,401
351,1,1130,354
351,8,2165,399
352,1,1132,354
352,8,2157,401
352,41,2347,392
353,1,1133,356
353,8,2150,396
354,1,1135,357
354,8,2144,404
354,41,2343,460
355,1,1137,359
355,8,2134,407
355,41,2310,435
356,1,1140,359
356,8,2122,398
356,41,2317,449
357,1,1141,362
357,8,2111,401
357,41,2303,448
358,1,1142,361
358,8,2103,419
358,41,2290,425
359,1,1144,363
359,8,2098,408
359,41,2299,449
360,1,1146,364
360,8,2087,410
361,1,1148,365
361,8,2081,420
361,41,2278,420
362,1,1150,365
362,8,2075,415
362,41,2268,419
363,1,1152,368
363,8,2066,412
363,41,2262,441
364,1,1151,368
364,8,2055,413
365,1,1152,368
365,8,2045,416
366,1,1153,369
366,8,2040,403
367,1,1155,368
367,8,2038,395
368,1,1156,366
368,8,2027,397
369,1,1160,365
369,8,2011,388
370,1,1160,366
370,8,2005,385
371,1,1160,364
371,8,1988,387
372,1,1162,364
372,8,1982,382
373,1,1163,361
373,8,1972,390
374,1,1167,360
374,8,1963,383
375,1,1166,360
375,8,1954,384
375,60,908,455
376,1,1170,358
376,8,1938,380
376,60,896,470
376,64,890,466
376,66,3840,105
377,1,1173,357
377,8,1936,376
377,60,885,466
377,64,884,461
377,66,3837,117
378,1,1173,350
378,8,1925,376
378,60,878,457
378,64,867,455
378,66,3840,124
379,1,1161,355
379,8,1920,382
379,60,882,457
379,64,843,453
379,73,3840,131
380,1,1166,354
380,8,1908,379
380,60,865,454
380,64,823,446
380,73,3840,127
381,1,1159,353
381,8,1889,371
381,60,872,456
381,64,800,440
381,73,3829,109
381,78,820,441
382,1,1182,345
382,8,1888,378
382,60,817,412
382,64,759,436
382,73,3821,96
382,78,776,434
382,81,2088,311
383,1,1179,345
383,8,1885,373
383,60,750,436
383,73,3816,89
383,78,746,434
383,81,2133,309
384,1,1182,342
384,8,1876,373
384,60,705,438
384,73,3824,117
384,78,701,440
384,81,2126,312
385,1,1182,342
385,8,1869,369
385,60,674,444
385,73,3818,105
385,78,712,456
385,81,2113,315
385,64,694,448
386,1,1184,342
386,8,1856,362
386,60,672,443
386,73,3817,62
386,64,679,446
387,1,1186,341
387,8,1840,356
387,60,693,450
387,73,3815,40
387,64,671,451
388,1,1179,343
388,8,1850,361
388,73,3800,56
388,64,657,446
389,1,1182,341
389,8,1824,365
389,73,3827,28
389,64,649,443
390,1,1182,339
390,8,1812,364
390,73,3828,32
390,64,649,442
391,1,1172,343
391,8,1802,360
391,73,3810,34
391,64,642,439
392,1,1172,341
392,8,1784,348
392,73,3761,145
392,64,636,436
393,1,1173,339
393,8,1778,346
393,73,3751,203
393,64,635,438
394,1,1173,338
394,8,1768,348
394,73,3766,188
394,64,624,438
395,1,1173,335
395,8,1753,351
395,73,3768,18
395,64,617,433
396,1,1176,334
396,8,1742,348
396,73,3758,20
396,64,608,434
397,1,1181,332
397,8,1727,354
397,73,3709,98
397,64,606,438
398,1,1193,320
398,8,1728,348
398,73,3686,213
398,64,602,434
399,1,1197,315
399,8,1728,349
399,73,3662,207
399,64,589,434
400,1,1198,313
400,8,1718,353
400,73,3650,210
400,60,597,426
401,1,1194,313
401,8,1705,349
401,73,3647,201
401,60,589,427
402,1,1198,308
402,8,1707,345
402,73,3631,195
402,60,579,425
403,1,1196,306
403,8,1703,343
403,73,3612,203
403,60,575,424
404,1,1198,304
404,8,1692,334
404,73,3605,219
404,60,569,422
405,1,1197,301
405,8,1671,334
405,73,3596,216
405,60,565,424
406,1,1198,300
406,8,1651,326
406,73,3589,223
406,60,559,417
407,1,1183,303
407,8,1654,318
407,73,3580,221
407,60,537,410
408,1,1183,302
408,8,1654,316
408,73,3568,223
408,60,526,416
409,1,1184,302
409,8,1635,315
409,73,3561,224
409,60,517,422
410,1,1186,300
410,8,1634,328
410,73,3545,223
410,60,510,418
411,1,1187,297
411,8,1623,332
411,73,3535,218
411,60,499,415
412,1,1188,296
412,8,1611,326
412,73,3520,237
412,60,492,418
413,1,1187,292
413,8,1605,328
413,73,3509,241
413,60,483,415
414,1,1186,288
414,8,1595,331
414,73,3500,235
414,60,475,413
415,1,1188,287
415,8,1595,333
415,73,3493,237
415,60,470,417
416,1,1188,285
416,8,1580,329
416,73,3482,236
416,60,469,418
417,1,1187,285
417,8,1571,327
417,73,3479,254
417,60,463,418
418,1,1187,284
418,8,1569,330
418,73,3464,250
418,60,456,417
419,1,1187,282
419,8,1542,334
419,73,3453,243
419,60,441,417
420,1,1185,282
420,8,1541,348
420,73,3430,247
420,60,434,417
421,1,1183,280
421,8,1523,339
421,73,3420,251
421,60,427,421
422,1,1180,280
422,8,1556,350
422,73,3413,249
422,60,405,422
423,1,1180,281
423,8,1533,361
423,73,3402,248
423,60,397,426
424,1,1181,283
424,8,1500,349
424,73,3391,249
424,60,388,428
425,1,1191,268
425,8,1492,351
425,73,3383,251
425,60,381,429
426,1,1190,267
426,8,1500,346
426,73,3375,243
426,60,370,429
427,1,1190,267
427,8,1544,342
427,73,3373,251
427,60,366,430
428,1,1188,266
428,8,1610,371
428,73,3358,241
428,60,363,428
429,1,1188,270
429,8,1498,350
429,73,3343,236
429,60,357,430
430,1,1188,269
430,8,1462,360
430,73,3317,238
430,60,357,435
431,1,1189,269
431,8,1485,364
431,73,3313,238
431,60,355,435
432,1,1187,269
432,8,1504,367
432,73,3316,244
432,60,351,438
433,1,1194,269
433,8,1456,356
433,73,3301,238
433,60,343,437
434,1,1195,268
434,8,1441,355
434,73,3290,235
434,60,335,441
435,1,1195,267
435,8,1426,360
435,73,3289,250
435,60,327,440
436,1,1198,266
436,8,1422,357
436,73,3272,230
436,60,322,442
437,1,1195,262
437,8,1434,362
437,73,3274,240
437,60,316,445
438,1,1199,260
438,8,1499,354
438,73,3260,239
438,60,310,446
439,1,1196,260
439,8,1489,356
439,73,3245,230
439,60,302,442
440,1,1197,260
440,8,1489,353
440,73,3240,225
440,60,294,438
441,1,1202,261
441,8,1437,347
441,73,3235,226
441,60,285,435
442,1,1202,263
442,8,1462,338
442,73,3228,219
442,60,280,428
443,1,1203,262
443,8,1487,351
443,73,3217,206
443,60,272,426
444,1,1203,260
444,8,1428,350
444,73,3208,205
444,60,264,428
445,1,1202,261
445,8,1357,345
445,73,3198,198
445,60,265,430
446,1,1202,262
446,8,1331,359
446,73,3184,200
446,60,253,428
447,1,1201,257
447,8,1319,363
447,73,3172,200
447,60,239,424
448,1,1201,254
448,8,1326,349
448,73,3168,198
448,60,236,427
449,1,1192,259
449,8,1462,369
449,73,3157,207
449,60,230,428
450,1,1200,260
450,8,1395,358
450,73,3148,210
450,60,234,424
451,1,1198,254
451,8,1454,368
451,73,3139,206
451,60,220,425
452,1,1198,255
452,8,1434,375
452,73,3135,202
452,60,217,423
453,1,1196,259
453,8,1394,366
453,73,3118,191
453,60,199,418
453,91,1910,283
454,1,1194,262
454,8,1402,365
454,73,3105,182
454,60,197,422
454,91,1907,282
455,1,1197,264
455,8,1363,372
455,73,3091,177
455,60,192,424
455,91,1902,282
456,1,1198,265
456,8,1346,369
456,73,3086,175
456,60,191,425
456,91,1896,284
457,1,1199,264
457,8,1316,357
457,73,3079,175
457,60,187,424
457,91,1893,282
458,1,1200,265
458,8,1316,355
458,73,3076,180
458,60,177,428
458,91,1896,284
459,1,1203,265
459,8,1320,347
459,73,3066,181
459,60,173,427
459,91,1892,285
460,1,1205,264
460,8,1328,381
460,73,3056,176
460,60,172,431
460,91,1891,285
461,1,1212,269
461,73,3053,181
461,60,157,434
461,91,1889,285
462,1,1214,273
462,73,3037,173
462,60,154,435
462,91,1890,286
463,1,1217,277
463,73,3026,162
463,60,146,436
463,91,1888,285
464,1,1222,278
464,73,3009,155
464,60,138,435
464,91,1885,286
465,1,1225,278
465,73,3000,158
465,60,138,436
465,91,1882,285
466,1,1231,282
466,73,2988,160
466,60,129,437
466,91,1883,285
467,1,1233,277
467,73,2981,148
467,60,121,436
467,91,1880,284
468,1,1235,281
468,73,2972,158
468,60,122,433
468,91,1877,286
469,1,1239,281
469,73,2968,157
469,60,131,431
469,91,1875,288
470,1,1242,283
470,73,2962,162
470,60,106,433
470,91,1871,291
471,1,1245,284
471,73,2951,157
471,60,92,430
471,91,1870,291
472,1,1246,285
472,73,2943,153
472,60,101,431
472,91,1869,290
473,1,1249,287
473,73,2942,159
473,60,106,428
473,91,1868,290
474,1,1251,288
474,73,2930,150
474,60,84,423
474,91,1866,290
475,1,1256,289
475,73,2922,155
475,60,75,421
475,91,1864,291
476,1,1256,287
476,73,2913,157
476,60,75,425
476,91,1862,289
477,1,1257,287
477,73,2900,135
477,60,93,419
477,91,1861,289
478,1,1257,286
478,73,2896,137
478,60,87,416
479,1,1262,285
479,73,2887,143
479,60,50,414
480,1,1261,288
480,73,2881,151
480,60,41,419
481,1,1263,288
481,73,2878,161
481,60,48,418
482,1,1265,289
482,73,2866,154
482,60,39,419
483,1,1267,290
483,73,2855,154
483,60,28,420
484,1,1269,290
484,73,2840,154
484,60,19,417
485,1,1273,285
485,73,2829,155
485,60,12,416
486,1,1278,287
486,73,2819,153
486,60,5,415
487,1,1279,286
487,73,2808,145
487,60,13,411
488,1,1281,284
488,73,2804,150
488,60,16,408
489,1,1282,282
489,73,2801,156
489,60,5,409
490,1,1285,280
490,73,2799,163
490,60,6,406
491,1,1286,280
491,73,2797,166
491,60,15,403
492,1,1287,279
492,73,2793,167
492,60,30,401
493,1,1291,281
493,73,2775,164
493,60,40,400
494,1,1293,279
494,73,2769,167
494,60,28,393
494,93,933,340
495,1,1293,279
495,73,2761,163
495,60,27,389
495,93,936,341
496,1,1292,277
496,73,2753,161
496,60,42,384
496,93,924,344
497,1,1293,277
497,73,2735,170
497,60,34,377
497,93,908,346
498,1,1289,273
498,73,2725,172
498,60,33,373
498,93,913,340
499,1,1292,274
499,73,2718,174
499,60,30,373
499,93,897,340
500,1,1294,272
500,73,2707,187
500,60,26,369
500,93,852,350
501,1,1293,271
501,73,2700,174
501,60,22,381
501,93,840,347
502,1,1297,270
502,73,2687,175
502,60,63,511
502,93,845,350
503,1,1296,268
503,73,2675,180
503,60,53,511
503,93,836,353
504,1,1291,268
504,73,2666,179
504,60,61,520
504,93,833,353
505,1,1292,266
505,73,2651,187
505,60,59,507
505,93,817,357
506,1,1296,264
506,73,2638,172
506,60,55,500
506,93,813,348
507,1,1293,262
507,73,2623,175
507,60,55,456
507,93,800,354
508,1,1289,262
508,73,2630,184
508,60,37,450
508,93,789,359
509,1,1288,262
509,73,2625,181
509,93,782,360
510,1,1290,262
510,73,2614,198
510,93,945,367
510,60,27,421
511,1,1289,258
511,73,2598,200
511,93,784,361
512,1,1289,254
512,73,2583,200
512,93,749,360
512,60,27,421
513,1,1289,254
513,73,2574,208
513,93,737,362
513,60,15,446
514,1,1300,255
514,73,2563,206
514,93,734,346
514,60,10,453
515,1,1300,255
515,73,2552,208
515,93,737,351
516,1,1299,253
516,73,2560,212
516,93,715,350
516,60,15,460
517,1,1299,251
517,73,2542,209
517,93,706,346
517,60,6,490
518,1,1298,250
518,73,2528,209
518,93,693,353
518,60,8,455
519,1,1302,250
519,73,2519,209
519,93,688,362
519,60,8,460
520,1,1302,248
520,73,2506,214
520,93,684,353
520,60,1,481
521,1,1299,246
521,73,2492,206
521,93,671,343
521,60,0,478
522,1,1301,245
522,73,2480,210
522,93,664,340
523,1,1301,245
523,73,2471,215
523,93,647,345
523,100,8,683
524,1,1300,243
524,73,2461,225
524,93,634,354
524,100,19,706
525,1,1302,243
525,73,2454,221
525,93,631,350
525,100,10,697
526,1,1302,242
526,73,2450,221
526,93,620,347
526,100,2,702
527,1,1304,243
527,73,2439,225
527,93,615,350
527,100,0,721
528,1,1305,243
528,73,2430,224
528,93,610,341
528,100,0,768
529,1,1307,244
529,73,2421,223
529,93,589,351
530,1,1308,243
530,73,2414,222
530,93,582,360
531,1,1309,243
531,73,2399,222
531,93,565,350
532,1,1309,242
532,73,2378,228
532,93,558,350
533,1,1310,242
533,73,2365,227
533,93,552,351
534,1,1309,241
534,73,2353,237
534,93,546,358
535,1,1309,241
535,73,2345,233
535,93,535,362
536,1,1309,240
536,73,2337,228
536,93,525,364
537,1,1308,238
537,73,2332,230
537,93,510,359
538,1,1306,237
538,73,2321,231
538,93,503,367
539,1,1305,235
539,73,2307,227
539,93,490,362
540,1,1305,235
540,73,2306,225
540,93,476,363
541,1,1305,235
541,73,2283,230
541,93,463,352
542,1,1304,233
542,73,2286,231
542,93,465,353
543,1,1304,232
543,73,2264,233
543,93,460,358
544,1,1303,230
544,73,2255,232
544,93,447,357
545,1,1304,228
545,73,2245,234
545,93,441,363
546,1,1303,226
546,73,2243,233
546,93,426,358
547,1,1302,223
547,73,2234,227
547,93,420,356
547,117,1636,307
548,1,1302,221
548,73,2212,226
548,93,405,355
548,117,1630,303
549,1,1302,222
549,73,2200,230
549,93,394,352
549,117,1626,301
550,1,1300,221
550,73,2186,234
550,93,391,370
550,117,1615,300
551,1,1300,220
551,73,2184,235
551,93,382,360
551,117,1611,300
552,1,1292,220
552,73,2172,233
552,93,380,360
552,117,1605,298
553,1,1291,220
553,73,2153,230
553,93,365,367
553,117,1613,291
554,1,1291,222
554,73,2144,227
554,93,358,374
554,117,1612,294
555,1,1300,223
555,73,2134,222
555,93,339,372
555,117,1605,295
556,1,1300,222
556,73,2122,225
556,93,328,361
556,117,1591,302
557,1,1300,222
557,73,2107,219
557,93,321,362
557,117,1583,304
558,1,1301,225
558,73,2103,214
558,93,307,356
558,117,1579,302
559,1,1302,229
559,73,2092,212
559,93,300,367
559,117,1578,298
560,1,1303,230
560,73,2088,211
560,93,286,363
560,117,1572,300
561,1,1305,234
561,73,2080,216
561,93,281,367
562,1,1305,236
562,73,2063,214
562,93,273,366
563,1,1306,237
563,73,2053,211
563,93,264,357
564,1,1306,238
564,73,2044,208
564,93,253,364
565,1,1307,238
565,73,2040,201
565,93,237,366
566,1,1302,240
566,73,2021,201
566,93,220,355
567,1,1304,242
567,73,2009,191
567,93,211,358
568,1,1310,245
568,73,2007,189
568,93,203,352
569,1,1310,246
569,73,1986,197
569,93,197,358
569,117,1526,286
570,1,1310,247
570,73,1985,196
570,93,181,350
570,117,1526,281
571,1,1310,248
571,73,1976,189
571,93,183,357
571,117,1525,278
572,1,1309,248
572,73,1964,184
572,93,172,352
573,1,1309,248
573,73,1950,183
573,93,163,351
574,1,1309,249
574,73,1934,180
574,93,156,360
575,1,1309,249
575,73,1948,174
575,93,143,360
575,117,1505,283
576,1,1309,248
576,73,1941,166
576,93,133,366
576,117,1499,283
577,1,1309,249
577,73,1929,166
577,93,118,354
578,1,1309,249
578,73,1907,176
578,93,109,364
578,117,1475,285
579,1,1309,251
579,73,1907,170
579,93,89,355
579,117,1482,287
580,1,1309,253
580,73,1884,173
580,93,78,370
581,1,1308,257
581,73,1870,170
581,93,67,361
582,1,1307,258
582,73,1861,174
582,93,59,374
583,1,1306,258
583,73,1853,175
583,93,53,375
583,117,1434,289
584,1,1305,261
584,73,1858,176
584,93,40,379
584,117,1433,288
585,1,1305,262
585,73,1838,177
585,93,33,378
585,117,1428,289
586,1,1305,263
586,73,1835,181
586,93,17,384
586,117,1422,292
587,1,1304,266
587,73,1816,191
587,93,12,394
587,117,1397,294
588,1,1305,266
588,73,1796,192
588,93,0,387
588,117,1393,293
589,1,1305,267
589,73,1795,188
589,93,0,400
590,1,1307,268
590,73,1773,184
590,93,0,400
591,1,1307,269
591,73,1764,180
591,93,0,408
592,1,1308,271
592,73,1756,177
592,93,0,410
593,1,1309,274
593,73,1750,180
593,93,0,407
594,1,1310,276
594,73,1746,181
594,93,0,394
595,1,1309,282
595,73,1735,183
595,93,9,403
596,1,1309,285
596,73,1733,184
596,93,39,409
597,1,1306,292
597,73,1715,196
597,93,40,407
597,118,3444,1075
598,1,1307,296
598,73,1707,196
598,93,52,402
598,118,3433,1060
599,1,1308,298
599,73,1691,195
599,93,42,408
600,1,1310,297
600,73,1679,191
600,93,28,401
600,118,3361,1053
601,1,1311,295
601,73,1681,192
601,93,11,366
602,1,1315,295
602,73,1662,188
602,93,14,377
602,118,3201,1109
603,1,1317,294
603,73,1658,192
603,93,6,356
603,118,3161,1094
604,1,1317,291
604,73,1654,191
604,93,3,349
604,118,3132,1091
605,1,1319,293
605,73,1661,181
605,93,0,350
605,118,3083,1134
606,1,1318,291
606,73,1629,187
606,93,4,398
606,118,3034,1116
607,1,1318,293
607,73,1617,191
607,93,7,412
607,118,2991,1110
608,1,1317,288
608,73,1604,188
608,93,3,552
608,118,2959,1110
609,1,1320,284
609,73,1593,189
609,118,2909,1117
610,1,1316,284
610,73,1578,206
610,118,2864,1119
611,1,1324,277
611,73,1565,208
611,118,2863,1132
612,1,1312,277
612,73,1563,207
612,118,2794,1128
613,1,1320,273
613,73,1556,201
613,118,2774,1131
614,1,1312,273
614,73,1548,205
614,118,2697,1133
615,1,1317,272
615,73,1536,202
616,1,1315,271
616,73,1522,207
616,118,2622,1120
617,1,1320,270
617,73,1511,205
617,118,2566,1120
618,1,1321,268
618,73,1495,198
618,118,2524,1136
619,1,1316,271
619,73,1487,200
620,1,1317,271
620,73,1479,206
621,1,1316,269
621,73,1458,206
622,1,1319,264
622,73,1461,207
623,1,1319,263
623,73,1446,204
623,118,2334,1099
624,1,1322,262
624,73,1446,208
625,1,1323,260
625,73,1447,218
626,1,1311,256
626,73,1430,222
627,1,1323,251
627,73,1433,224
628,1,1322,251
628,73,1410,218
628,118,2053,1110
629,1,1320,255
629,73,1399,219
630,1,1319,251
630,73,1430,212
631,1,1321,248
631,73,1499,214
632,1,1322,245
632,73,1436,219
633,1,1321,245
633,73,1482,217
634,1,1322,243
634,73,1479,213
635,1,1319,243
635,73,1498,210
636,1,1312,244
636,73,1445,215
636,125,1434,225
637,1,1311,243
637,73,1373,224
637,125,1415,231
638,1,1314,240
638,73,1354,224
639,1,1312,239
639,73,1347,224
640,1,1312,239
640,73,1339,229
641,1,1314,235
641,73,1450,230
642,1,1311,234
642,73,1416,230
643,1,1312,231
644,1,1310,230
645,1,1310,229
646,1,1310,228
647,1,1311,229
648,1,1310,231
649,1,1306,233
650,1,1308,235
651,1,1310,231
652,1,1311,231
653,1,1313,232
654,1,1314,234
655,1,1312,238
656,1,1311,236
657,1,1307,236
658,1,1306,236
659,1,1305,234
660,1,1304,234
661,1,1302,236
662,1,1300,236
663,1,1300,236
664,1,1298,238
665,1,1291,235
666,1,1290,234
666,130,1300,234
667,1,1295,236
667,130,1299,232
667,131,2493,456
668,1,1294,237
668,131,2472,452
669,1,1288,234
669,131,2480,454
670,1,1284,229
670,131,2465,452
671,1,1286,233
671,131,2456,453
671,130,1290,232
672,131,2459,454
672,134,338,1154
672,130,1289,234
673,131,2466,462
673,134,303,1127
673,130,1286,236
674,131,2459,469
674,130,1284,237
675,130,1283,237
676,1,1275,230
677,1,1276,244
679,130,1278,245
679,1,1133,250
680,130,1276,248
680,1,1089,246
681,130,1274,248
681,1,1077,227
682,130,1273,248
682,1,1069,229
683,130,1272,246
683,1,1047,235
684,130,1272,248
684,1,1073,233
685,130,1270,247
685,1,1031,224
686,130,1270,249
686,1,1014,208
687,130,1267,250
687,1,1004,228
688,130,1267,253
688,1,985,222
689,130,1267,253
689,1,936,224
690,130,1266,253
690,1,938,204
691,130,1266,254
691,1,879,214
692,130,1266,254
692,1,821,219
693,130,1266,254
693,1,809,222
694,130,1265,255
694,1,800,223
695,130,1262,260
695,1,737,194
696,130,1261,260
696,1,749,188
697,130,1260,260
697,1,725,183
698,130,1256,258
698,1,719,171
699,130,1260,261
699,1,783,158
700,130,1256,260
700,1,830,157
701,130,1254,257
701,1,744,148
702,130,1255,259
702,1,726,146
703,130,1255,260
703,1,734,154
704,130,1258,259
704,1,663,164
705,130,1259,261
705,1,664,156
706,130,1257,260
706,1,645,156
707,130,1254,256
707,1,632,149
708,130,1253,255
708,1,652,163
709,130,1251,255
709,1,756,129
710,130,1249,254
710,1,756,126
711,130,1247,252
711,1,766,122
712,130,1246,252
712,1,566,133
713,130,1245,249
713,1,641,155
714,130,1242,250
714,1,614,144
715,130,1240,250
715,1,608,145
716,130,1242,250
716,1,626,137
717,130,1238,247
717,1,653,129
718,130,1238,246
718,1,655,129
719,130,1238,249
719,1,559,134
720,130,1233,250
720,1,567,124
721,130,1233,250
721,1,498,140
722,130,1232,249
722,1,538,148
723,130,1231,246
723,1,462,151
724,130,1228,247
724,1,442,163
725,130,1227,246
725,1,443,145
726,130,1225,249
726,1,495,135
727,130,1223,250
727,1,572,140
728,130,1222,249
728,1,523,126
729,130,1221,246
729,1,427,140
730,130,1220,247
730,1,398,157
731,130,1220,247
731,1,377,160
731,140,725,265
732,130,1221,246
732,1,360,158
732,140,722,260
733,130,1220,244
733,1,351,154
733,140,719,260
734,130,1225,244
734,1,354,156
734,140,718,259
735,130,1224,242
735,1,440,148
735,140,714,261
736,130,1221,239
736,1,462,141
736,140,703,259
737,130,1220,233
737,1,465,142
737,140,693,261
738,130,1221,230
738,1,474,139
738,140,688,256
739,130,1224,219
739,1,439,160
739,140,681,254
740,130,1211,220
740,1,430,164
740,140,675,254
741,130,1209,219
741,1,349,178
741,140,669,250
742,130,1210,215
742,1,277,162
742,140,669,240
743,130,1209,214
743,1,271,158
743,140,662,238
744,130,1215,215
744,1,341,143
744,140,661,242
745,130,1205,211
745,1,354,148
745,140,648,241
746,130,1205,210
746,1,340,144
746,140,639,235
747,130,1205,208
747,1,313,143
747,140,634,234
748,130,1204,207
748,1,286,145
748,140,634,234
749,130,1202,203
749,1,284,171
749,140,637,231
750,130,1200,199
750,1,195,178
750,140,630,224
751,130,1199,196
751,1,164,183
751,140,620,219
752,130,1197,195
752,1,160,174
752,140,620,222
753,130,1196,192
753,1,142,173
753,140,613,218
754,130,1193,187
754,1,190,171
754,140,603,209
755,130,1190,183
755,1,145,172
755,140,589,208
756,130,1186,180
756,1,130,172
756,140,589,211
757,130,1189,178
757,1,105,162
757,140,585,209
758,130,1187,172
758,1,89,172
758,140,578,206
759,130,1188,168
759,1,71,174
759,140,574,202
760,130,1187,162
760,1,52,177
760,140,569,196
761,130,1186,159
761,1,57,173
761,140,559,190
762,130,1184,156
762,1,61,170
762,140,552,185
763,130,1182,154
763,1,82,157
763,140,546,183
764,130,1180,153
764,1,136,140
764,140,547,184
765,130,1179,150
765,1,133,137
765,140,544,179
766,130,1179,149
766,1,70,136
766,140,538,178
767,130,1178,148
767,1,26,145
767,140,534,175
768,130,1179,147
768,1,28,139
768,140,531,179
769,130,1178,146
769,1,19,136
769,140,525,176
770,130,1178,143
770,1,18,135
770,140,517,174
771,130,1178,140
771,1,18,127
771,140,513,172
772,130,1177,137
772,1,43,127
772,140,510,173
773,130,1176,136
773,1,53,120
773,140,506,171
774,130,1176,135
774,1,57,126
774,140,502,172
775,130,1175,134
775,1,70,132
775,140,493,168
776,130,1175,140
776,1,57,128
776,140,490,169
777,130,1177,134
777,1,61,119
777,140,484,168
778,130,1178,133
778,1,57,118
778,140,481,168
779,130,1179,139
779,1,24,123
779,140,472,169
780,130,1179,140
780,1,36,99
780,140,467,170
781,130,1179,142
781,1,25,113
781,140,464,169
782,130,1181,143
782,1,24,101
782,140,462,168
783,130,1181,146
783,1,31,113
783,140,458,172
784,130,1183,145
784,1,21,109
784,140,455,174
785,130,1183,150
785,1,8,103
785,140,449,176
786,130,1183,152
786,1,21,111
786,140,449,177
787,130,1185,150
787,140,447,179
788,130,1179,150
788,140,441,179
789,130,1185,153
789,140,434,182
790,130,1182,152
790,140,432,183
791,130,1184,152
791,140,427,181
792,130,1185,154
792,140,422,181
793,130,1182,155
793,140,419,184
794,130,1185,160
794,140,416,187
795,130,1183,164
795,140,410,186
796,130,1185,165
796,140,403,191
797,130,1187,166
797,140,398,195
798,130,1189,169
798,140,397,197
799,130,1191,172
799,140,393,197
800,130,1192,173
800,140,385,197
801,130,1191,173
801,140,375,191
802,130,1189,172
802,140,366,191
803,130,1188,173
803,140,366,190
804,130,1189,176
804,140,367,189
805,130,1190,177
805,140,366,189
806,130,1192,179
806,140,363,190
807,130,1193,180
807,140,362,191
808,130,1195,183
808,140,356,195
809,130,1197,185
809,140,354,196
810,130,1199,187
810,140,349,199
811,130,1201,188
811,140,349,197
812,130,1202,189
812,140,350,197
813,130,1203,191
813,140,346,199
814,130,1205,193
814,140,340,198
815,130,1204,195
815,140,337,196
816,130,1207,198
816,140,329,195
817,130,1209,199
817,140,328,196
818,130,1214,200
818,140,323,195
819,130,1216,201
819,140,317,196
820,130,1220,201
820,140,309,198
821,130,1224,201
821,140,305,197
822,130,1227,201
822,140,308,197
823,130,1225,202
823,140,306,199
824,130,1228,203
824,140,305,198
825,130,1230,204
825,140,300,201
826,130,1232,204
826,140,298,200
827,130,1234,205
827,140,288,196
828,130,1237,205
829,130,1239,205
830,130,1240,204
831,130,1241,204
831,140,277,186
832,130,1243,203
832,140,272,192
833,130,1244,202
833,140,274,186
834,130,1244,202
834,140,272,184
835,130,1244,202
835,140,270,184
836,130,1244,202
836,140,268,185
837,130,1245,204
837,140,265,188
838,130,1246,204
838,140,259,190
839,130,1246,204
839,140,253,189
840,130,1248,205
840,140,249,191
841,130,1248,207
841,140,234,190
842,130,1249,208
843,130,1250,209
844,130,1251,209
845,130,1252,208
846,130,1257,207
847,130,1251,209
848,130,1252,211
849,130,1257,209
850,130,1254,214
851,130,1253,214
852,130,1252,215
853,130,1251,213
854,130,1250,212
855,130,1249,212
856,130,1250,212
857,130,1251,214
858,130,1251,214
859,130,1252,215
860,130,1251,215
861,130,1251,216
862,130,1249,217
863,130,1248,218
864,130,1248,218
865,130,1245,219
866,130,1246,220
867,130,1243,220
868,130,1242,219
869,130,1240,219
870,130,1241,219
871,130,1239,219
872,130,1238,217
873,130,1238,218
874,130,1238,218
875,130,1236,218
876,130,1235,218
877,130,1236,218
878,130,1236,218
879,130,1236,219
880,130,1236,216
881,130,1235,217
882,130,1235,217
883,130,1235,217
884,130,1233,217
885,130,1233,218
886,130,1233,220
887,130,1232,222
888,130,1231,223
889,130,1230,225
890,130,1229,228
891,130,1229,233
892,130,1230,237
893,130,1228,242
894,130,1226,243
895,130,1226,249
896,130,1227,249
897,130,1226,249
898,130,1224,252
899,130,1224,257
900,130,1224,261
901,130,1225,263
902,130,1224,264
903,130,1225,265
904,130,1225,266
905,130,1226,269
906,130,1227,270
907,130,1227,272
908,130,1228,274
909,130,1227,276
910,130,1228,277
911,130,1226,278
912,130,1226,279
913,130,1225,282
914,130,1226,282
915,130,1226,283
916,130,1225,284
917,130,1226,289
918,130,1226,291
919,130,1228,293
920,130,1229,295
921,130,1229,297
922,130,1229,297
923,130,1229,300
924,130,1228,302
925,130,1227,304
926,130,1229,306
927,130,1232,309
928,130,1230,313
929,130,1230,314
930,130,1231,315
931,130,1231,315
932,130,1231,317
933,130,1231,317
934,130,1236,318
935,130,1235,322
936,130,1237,324
937,130,1239,327
938,130,1237,326
939,130,1239,332
940,130,1246,334
941,130,1250,335
942,130,1253,335
943,130,1257,337
944,130,1258,338
945,130,1259,338
946,130,1259,338
947,130,1263,333
948,130,1264,334
949,130,1267,332
950,130,1265,333
951,130,1266,332
952,130,1269,328
953,130,1268,330
954,130,1269,327
955,130,1278,321
956,130,1279,320
957,130,1276,319
958,130,1275,316
959,130,1273,312
960,130,1270,305
961,130,1265,299
962,130,1265,293
963,130,1265,287
964,130,1264,284
965,130,1264,277
966,130,1263,270
967,130,1261,268
968,130,1260,266
969,130,1262,262
970,130,1264,255
971,130,1268,246
972,130,1269,244
973,130,1272,240
974,130,1275,237
975,130,1275,232
976,130,1277,227
977,130,1281,223
978,130,1285,217
979,130,1286,211
980,130,1286,207
981,130,1285,205
982,130,1284,202
983,130,1284,200
984,130,1291,201
985,130,1295,201
986,130,1295,198
987,130,1295,199
988,130,1294,197
989,130,1294,193
990,130,1296,190
991,130,1297,186
992,130,1297,182
993,130,1298,184
994,130,1299,182
995,130,1302,181
996,130,1304,178
997,130,1308,177
998,130,1309,177
999,130,1309,177
1000,130,1310,178
1001,130,1310,179
1002,130,1305,182
1003,130,1311,183
1004,130,1311,185
1005,130,1314,186
1006,130,1314,187
1007,130,1311,188
1008,130,1311,190
1009,130,1312,191
1010,130,1312,194
1011,130,1314,194
1012,130,1318,197
1013,130,1319,200
1014,130,1320,203
1015,130,1321,205
1016,130,1323,209
1017,130,1325,212
1018,130,1326,216
1019,130,1326,218
1020,130,1329,220
1021,130,1328,222
1022,130,1329,225
1023,130,1330,227
1024,130,1332,230
1025,130,1334,235
1026,130,1336,240
1027,130,1335,243
1028,130,1336,250
1029,130,1336,246
1030,130,1340,248
1031,130,1343,251
1032,130,1342,263
1033,130,1342,268
1034,130,1345,267
1035,130,1343,268
1036,130,1344,270
1037,130,1343,271
1038,130,1339,283
1039,130,1340,285
1040,130,1346,286
1041,130,1350,289
1042,130,1350,293
1043,130,1347,295
1044,130,1346,301
1045,130,1351,300
1046,130,1347,308
1047,130,1352,307
1048,130,1350,314
1049,130,1352,316
1050,130,1352,317
1051,130,1355,317
1052,130,1354,317
1053,130,1354,318
1054,130,1352,318
1055,130,1349,325
1056,130,1349,325
1057,130,1350,327
1058,130,1353,327
1059,130,1350,329
1060,130,1354,328
1061,130,1350,330
1062,130,1352,328
1063,130,1352,329
1064,130,1351,331
1065,130,1350,333
1066,130,1349,334
1067,130,1348,337
1068,130,1348,339
1069,130,1348,339
1070,130,1347,343
1071,130,1341,347
1072,130,1340,349
1073,130,1340,351
1074,130,1340,351
1075,130,1340,354
1076,130,1343,357
1077,130,1348,357
1078,130,1351,359
1079,130,1352,361
1080,130,1358,358
1081,130,1359,358
1082,130,1360,358
1083,130,1362,359
1084,130,1362,359
1085,130,1362,361
1086,130,1363,360
1087,130,1358,362
1088,130,1357,363
1089,130,1354,363
1090,130,1351,363
1091,130,1341,361
1092,130,1340,361
1093,130,1345,365
1094,130,1342,365
1095,130,1341,365
1096,130,1340,368
1097,130,1344,366
1098,130,1340,367
1099,130,1339,368
1100,130,1338,370
1101,130,1337,370
1102,130,1338,369
1103,130,1341,368
1104,130,1341,370
1105,130,1341,371
1106,130,1338,371
1107,130,1337,370
1108,130,1337,369
1109,130,1335,370
1110,130,1332,374
1111,130,1334,373
1112,130,1329,376
1113,130,1328,378
1114,130,1326,379
1114,149,0,900
1115,130,1325,382
1116,130,1325,383
1116,149,61,928
1117,130,1325,385
1117,149,57,907
1118,130,1324,385
1118,149,65,879
1119,130,1325,390
1120,130,1322,392
1121,130,1321,399
1122,130,1320,403
1123,130,1315,409
1124,130,1317,411
1125,130,1314,415
1126,130,1312,419
1127,130,1311,420
1128,130,1312,422
1129,130,1312,427
1130,130,1313,429
1131,130,1310,429
1132,130,1311,434
1133,130,1309,432
1134,130,1307,438
1135,130,1307,440
1136,130,1303,442
1137,130,1300,445
1138,130,1293,441
1139,130,1292,442
1140,130,1290,442
1141,130,1287,443
1142,130,1285,445
1143,130,1282,444
1144,130,1280,445
1145,130,1277,451
1146,130,1275,452
1147,130,1275,447
1148,130,1271,454
1149,130,1270,447
1150,130,1267,450
1151,130,1264,445
1152,130,1265,445
1153,130,1260,447
1154,130,1261,445
1155,130,1256,444
1156,130,1251,447
1157,130,1253,447
1158,130,1247,445
1159,130,1247,447
1160,130,1244,450
1161,130,1242,446
1162,130,1238,444
1163,130,1237,443
1164,130,1235,441
1165,130,1231,440
1166,130,1225,439
1167,130,1220,437
1168,130,1219,439
1169,130,1217,436
1170,130,1216,432
1171,130,1222,427
1172,130,1217,429
1173,130,1212,429
1174,130,1207,427
1175,130,1203,428
1175,153,559,192
1176,130,1197,429
1177,130,1196,428
1178,130,1194,424
1179,130,1191,420
1180,130,1185,421
1181,130,1182,421
1182,130,1178,420
1183,130,1175,419
1184,130,1173,418
1185,130,1170,416
1186,130,1168,415
1187,130,1157,417
1188,130,1148,418
1189,130,1148,418
1190,130,1144,414
1191,130,1138,410
1192,130,1135,406
1193,130,1133,406
1194,130,1128,403
1195,130,1128,399
1196,130,1123,397
1197,130,1121,393
1198,130,1118,392
1199,130,1117,386
1200,130,1109,385
1201,130,1109,378
1202,130,1099,376
1203,130,1093,374
1204,130,1090,370
1205,130,1087,363
1206,130,1083,358
1207,130,1077,358
1208,130,1089,353
1209,130,1077,354
1210,130,1072,352
1211,130,1069,351
1215,130,1070,340
1216,130,1064,337
1217,130,1047,344
1218,130,1040,345
1219,130,1037,344
1220,130,1034,341
1221,130,1032,342
1222,130,1047,337
1223,130,1027,341
1224,130,1028,345
1225,130,1017,336
1226,130,1016,347
1229,130,987,347
1230,130,984,344
1231,130,979,342
1232,130,978,344
1233,130,973,346
1234,130,970,343
1235,130,967,340
1236,130,961,344
1237,130,953,347
1238,130,948,349
1238,165,948,342
1239,130,940,347
1239,165,944,339
1240,165,942,341
1241,130,935,349
1242,130,933,346
1243,130,930,348
1244,130,929,352
1245,130,925,352
1246,130,920,354
1247,130,914,357
